headLR1,headFB1,backLR1,backFB1,lShoulderFB1,lShoulderUD1,lHipLR1,lHipFB1,rShoulderFB1,rShoulderUD1,rHipLR1,rHipFB1,rElb1,rKnee1,headLR2,headFB2,backLR2,backFB2,lShoulderFB2,lShoulderUD2,lHipLR2,lHipFB2,rShoulderFB2,rShoulderUD2,rHipLR2,rHipFB2,rElb2,rKnee2,headLR3,headFB3,backLR3,backFB3,lShoulderFB3,lShoulderUD3,lHipLR3,lHipFB3,rShoulderFB3,rShoulderUD3,rHipLR3,rHipFB3,rElb3,rKnee3,GoodForm
2.731058910107071,2.2942403661462545,0.40599447704631425,2.9640291386480735,2.244169911902806,1.5848222553658984,2.972839436311417,1.6253486470817282,1.505687249848918,0.6256369879688887,3.036298112207373,1.5179767498072003,2.4753982946271194,2.741588309254721,2.829294585064292,2.490512471340451,1.3777342672706072,2.565000784272722,2.511133281811891,0.5262656859644607,1.2556949038458496,2.3397889337167808,1.3601127938042694,1.9764719581446526,1.3538126592482709,0.42997943052033805,2.2902837196480643,1.182692711444364,2.738187776836233,2.262443500151527,0.5405521032300244,2.949560284744408,2.197146189579843,1.594305084789141,2.9289581901923456,1.6457322829716359,1.5711285648533122,0.3510176094415401,2.9720707892667075,1.5122441797812762,2.467573316578939,2.7595961831411517,1
2.738187776836233,2.262443500151527,0.5405521032300244,2.949560284744408,2.197146189579843,1.594305084789141,2.9289581901923456,1.6457322829716359,1.5711285648533122,0.3510176094415401,2.9720707892667075,1.5122441797812762,2.467573316578939,2.7595961831411517,2.7655475157586102,2.465727034964634,1.4584209311156042,2.714120568542686,2.4116573977997753,1.6697514968933052,1.3151667133756066,2.3179877313168302,1.3742759447487392,2.0093470215124154,1.4278373882500524,0.44423627331809634,2.3048935847692187,1.1644893184293477,2.7278981001310316,2.266967491680674,0.9329996269430503,2.9259721819721074,2.260730266629611,1.4793737089770376,2.879879100139201,1.662087035572442,1.6131758527746685,1.060037336796686,2.893035027649072,1.4823600504380845,2.411749404731097,2.7195847757961866,1
2.7278981001310316,2.266967491680674,0.9329996269430503,2.9259721819721074,2.260730266629611,1.4793737089770376,2.879879100139201,1.662087035572442,1.6131758527746685,1.060037336796686,2.893035027649072,1.4823600504380845,2.411749404731097,2.7195847757961866,2.715933739456763,2.485199990192956,1.4826024341525732,2.692142946859922,2.158060580868633,2.0162582361933823,1.2521481788501654,2.308235098952769,1.5634026716574076,2.7391582615733627,1.3517871287715,0.6939212749059441,2.308321004815655,1.1506626347087678,2.691491585561451,2.3052215491172467,0.6445714780247268,2.9146429382807453,2.3089476784053473,1.4139512367913385,2.893127100186396,1.6475006902753,1.4365477266737512,0.34915815326343635,2.918333647406505,1.4967792525928152,2.4154641596167683,2.699042230694537,1
2.691491585561451,2.3052215491172467,0.6445714780247268,2.9146429382807453,2.3089476784053473,1.4139512367913385,2.893127100186396,1.6475006902753,1.4365477266737512,0.34915815326343635,2.918333647406505,1.4967792525928152,2.4154641596167683,2.699042230694537,2.5302106861219205,2.576590017684049,1.4323496672995248,2.7151849750816557,2.265095302649752,2.1221251329713944,1.4083015805429548,2.4753661233264816,1.4683838248630146,1.8338756964996883,1.4968345174188813,0.2445566512889499,2.3042848244572136,1.2614979249570308,2.737203033435982,2.2752945449198707,0.5991078590817542,2.9168642021382993,2.25376291594831,1.413445334651766,2.930283107500323,1.6415482274619664,1.4781979402087844,0.17216735518432824,2.915830231764636,1.4899119049596221,2.3953234023871026,2.7065703245600616,1
2.737203033435982,2.2752945449198707,0.5991078590817542,2.9168642021382993,2.25376291594831,1.413445334651766,2.930283107500323,1.6415482274619664,1.4781979402087844,0.17216735518432824,2.915830231764636,1.4899119049596221,2.3953234023871026,2.7065703245600616,2.796025761493301,2.5394956811752945,1.3661188744412187,2.449093322633966,2.458431387660645,0.5403561566671952,1.244769828625027,2.376998280169916,1.477695958888758,1.7051357875603088,1.2407668564816434,0.6993354453766691,2.2890155925651325,1.1301164305712639,2.7656060542182224,2.2505522583754423,0.5380539045616157,2.9413748074917647,2.210535482978527,1.5965887621806607,2.9149146988788965,1.6317211737206718,1.5004213148288237,0.62680416633971,2.934197426191922,1.4975226595667235,2.491939097318287,2.7159488797176947,1
2.7656060542182224,2.2505522583754423,0.5380539045616157,2.9413748074917647,2.210535482978527,1.5965887621806607,2.9149146988788965,1.6317211737206718,1.5004213148288237,0.62680416633971,2.934197426191922,1.4975226595667235,2.491939097318287,2.7159488797176947,2.8350657017364895,2.5192198425773986,1.476580397779446,2.572632701500354,2.3549868546082067,1.164701211929359,1.1992265365405221,2.2706646392804055,1.4178144133192299,2.0535934156194813,1.2746692429595405,0.6907075239669439,2.3301904626417613,1.1499120666607885,2.755602016799566,2.236660331991812,0.5992853416622019,2.9490412190028166,2.151363639336571,1.67103362379135,2.9970658855863714,1.6417944334995376,1.4809029278237515,0.8392721384488808,3.084430874873904,1.4930297799839183,2.4394275937913203,2.8149879890770677,1
2.755602016799566,2.236660331991812,0.5992853416622019,2.9490412190028166,2.151363639336571,1.67103362379135,2.9970658855863714,1.6417944334995376,1.4809029278237515,0.8392721384488808,3.084430874873904,1.4930297799839183,2.4394275937913203,2.8149879890770677,2.8937418057378923,2.4619099441734025,1.4521480111168894,2.551701732921229,2.5247736646155126,0.5287670738993638,1.2094086907486592,2.337861977730236,1.4695674808787356,2.4345924620910733,1.2534224747157592,0.6859563579852168,2.39710542868005,1.149735649142314,2.762454549196318,2.2464500724984764,0.3901590518868478,2.961086067559248,2.193275584576509,1.6132800821647821,2.934462303473104,1.6291930330784987,1.5667385721252785,0.21258844273855773,2.969490190084471,1.5170231251810165,2.4494297168590666,2.7565187424093702,1
2.762454549196318,2.2464500724984764,0.3901590518868478,2.961086067559248,2.193275584576509,1.6132800821647821,2.934462303473104,1.6291930330784987,1.5667385721252785,0.21258844273855773,2.969490190084471,1.5170231251810165,2.4494297168590666,2.7565187424093702,2.891722759469894,2.4528230140858898,1.4286391994627092,2.5250933440405072,2.52788001089336,0.6129355756636496,1.150369914922529,2.338139496686235,1.4539229675157521,2.269681574738814,1.258079497139727,0.7321320282896457,2.421102836109703,1.1036294555340667,2.788385149727228,2.225678301461288,0.6502799495789643,2.9074921171580823,2.2113575564924934,1.6699776212533508,2.89883915563326,1.647406598527211,1.5976802465910995,1.3258929073272827,2.9214466176821103,1.4916284952873902,2.4389301636014693,2.740459366071097,1
2.788385149727228,2.225678301461288,0.6502799495789643,2.9074921171580823,2.2113575564924934,1.6699776212533508,2.89883915563326,1.647406598527211,1.5976802465910995,1.3258929073272827,2.9214466176821103,1.4916284952873902,2.4389301636014693,2.740459366071097,3.0913780023156376,2.3887731946305015,1.3511313356665544,2.420481894915222,2.504173815300879,0.503465379134,1.1147406133183573,2.2236948402256425,1.6583471630030868,2.92572846930535,1.189656426905833,0.8470274265819652,2.2867606948480095,1.1099352395594524,2.799193244634207,2.2551619008445045,0.3311235109091185,2.9715815934163374,2.205396188222041,1.6054137806588773,2.953256749505205,1.6406357181666074,1.666008972626791,1.6284865848807781,2.9936945762703737,1.5027915027019754,2.4297891625807706,2.763491260621682,1
2.799193244634207,2.2551619008445045,0.3311235109091185,2.9715815934163374,2.205396188222041,1.6054137806588773,2.953256749505205,1.6406357181666074,1.666008972626791,1.6284865848807781,2.9936945762703737,1.5027915027019754,2.4297891625807706,2.763491260621682,3.0844383267786633,2.281292930074538,1.3503705897057965,2.533236942209653,2.536844574632831,0.4648717510628472,1.1864370662332058,2.1357211125138447,1.639956676049825,2.7868135632814552,1.2638599792182532,0.9216473112084524,2.280801283167418,1.0470147894212827,2.7378487827458597,2.2434340367522614,0.673174877825382,2.9351885849458097,2.323090811848887,1.6464559842856568,2.907854296979827,1.63125805681572,1.519304558008252,1.2535787279497002,2.929105339401466,1.5070155999786587,2.457889930724045,2.7211615241019897,1
2.7378487827458597,2.2434340367522614,0.673174877825382,2.9351885849458097,2.323090811848887,1.6464559842856568,2.907854296979827,1.63125805681572,1.519304558008252,1.2535787279497002,2.929105339401466,1.5070155999786587,2.457889930724045,2.7211615241019897,3.06686315169292,2.3877312802773787,1.380886962953848,2.4574957750548596,2.511951370926402,0.510751255385537,1.101925008194082,2.186856628687129,1.7041862259153153,2.8765621499916465,1.1992769907848704,0.9012619374406176,2.2933413388378794,1.090277262633188,2.9279427942830223,2.179061337666199,0.9867489850865352,2.916732779646427,2.0837848987480148,1.915231155490369,2.895052682774186,1.6565802106787741,1.6784233403553466,1.3014810966125738,2.907168272976492,1.4826391804183774,2.463470651339807,2.739099497370382,1
2.9279427942830223,2.179061337666199,0.9867489850865352,2.916732779646427,2.0837848987480148,1.915231155490369,2.895052682774186,1.6565802106787741,1.6784233403553466,1.3014810966125738,2.907168272976492,1.4826391804183774,2.463470651339807,2.739099497370382,2.9680079470951757,2.4393361543159062,1.449728861465013,2.5658577697816956,2.201957875221196,1.1539402888161967,1.1598828439266928,2.1757182177635546,1.606633406705746,3.025364589468002,1.3010809936413619,0.638399771708488,2.2920396908421976,1.164968448891713,2.8791480798200886,2.1983912145471973,0.6388276985562903,2.9472109348142173,2.150880884882147,1.606851375234399,2.8884059763442176,1.6032127140383843,1.5839015029285421,1.6836279885294105,2.91048280633941,1.5004604013128293,2.425185190239647,2.6985118467177434,1
2.8791480798200886,2.1983912145471973,0.6388276985562903,2.9472109348142173,2.150880884882147,1.606851375234399,2.8884059763442176,1.6032127140383843,1.5839015029285421,1.6836279885294105,2.91048280633941,1.5004604013128293,2.425185190239647,2.6985118467177434,3.091336961076365,2.370108333546401,1.346194494799205,2.472369757681837,2.5102529683403576,0.5432033107850791,1.1451462882965746,2.2650511433183045,1.6358431116143837,3.1301284659782835,1.2150659021949999,0.8545254621183019,2.301962934891298,1.1086413205389989,2.9002394445828075,2.185550603410401,0.44254394259566016,2.9191326197512875,2.1039196771300857,1.7640580866806541,2.942679698782934,1.6578229250879977,1.6449513226510313,1.3619187392884171,2.9505678124419497,1.4790281260791478,2.4380756947689655,2.7260923315420196,1
2.9002394445828075,2.185550603410401,0.44254394259566016,2.9191326197512875,2.1039196771300857,1.7640580866806541,2.942679698782934,1.6578229250879977,1.6449513226510313,1.3619187392884171,2.9505678124419497,1.4790281260791478,2.4380756947689655,2.7260923315420196,3.077217848400813,2.3738458056306837,1.359252831215345,2.450499282810454,2.5102946678256304,0.6077121458027912,1.129356758114041,2.1413037093402045,1.5987038952721235,2.961240825307971,1.212142453249073,0.7787427217567408,2.3320973821084516,1.1423613679321347,2.826531802761799,2.191337614421067,1.0733134385092558,2.881012442677546,2.318010331376556,1.9612159308628523,2.7837445535537206,1.6393864073215534,1.387031036701682,2.016308030497171,2.9443475290626577,1.433141304580594,1.8488752924660279,2.874508467941282,1
2.826531802761799,2.191337614421067,1.0733134385092558,2.881012442677546,2.318010331376556,1.9612159308628523,2.7837445535537206,1.6393864073215534,1.387031036701682,2.016308030497171,2.9443475290626577,1.433141304580594,1.8488752924660279,2.874508467941282,2.9940668843602403,2.3566979600652402,1.4003749266626613,2.4853994199208893,2.373661437748902,0.672765733240234,1.1517875660202748,2.1548423548653792,1.7189703308864444,2.927192105267799,1.1524961356441932,0.9542832373663132,2.1596089954569875,1.1470119622128074,2.8689095958661017,2.1698064879532475,0.8891535454250675,2.913341650768409,2.2046399580583733,1.851817319882703,2.8812779835988325,1.6663756903338387,1.7192530554992445,2.2025984660306723,2.8978022068311384,1.485047228099125,2.433246846481291,2.7340593303262235,1
2.8689095958661017,2.1698064879532475,0.8891535454250675,2.913341650768409,2.2046399580583733,1.851817319882703,2.8812779835988325,1.6663756903338387,1.7192530554992445,2.2025984660306723,2.8978022068311384,1.485047228099125,2.433246846481291,2.7340593303262235,3.0391517147367773,2.41678728757579,1.4126012639111323,2.5234514392324408,2.4440451944082007,0.5647456922534428,1.1463916434263695,2.241455091669189,1.5865583762666091,2.9226183635297893,1.1958021394505969,0.7960315534688605,2.320329468002424,1.1168028675422006,2.840647534434847,2.246096461883848,1.3078434496466007,2.9002724847335153,2.269044056550426,1.6638791357902365,2.7690560481962936,1.6838752760770217,1.7055777987565204,1.3989679290484658,2.8292550682502946,1.4666116488653527,2.2666629698650036,2.759620943981924,1
2.840647534434847,2.246096461883848,1.3078434496466007,2.9002724847335153,2.269044056550426,1.6638791357902365,2.7690560481962936,1.6838752760770217,1.7055777987565204,1.3989679290484658,2.8292550682502946,1.4666116488653527,2.2666629698650036,2.759620943981924,3.081724431826682,2.3975835235640117,1.4010880260356717,2.5180440966761473,2.507075728341821,0.44031637944646346,1.1571012709743027,2.216796285228452,1.6825758502741184,3.0658597036251747,1.2034109766673884,0.805596434013098,2.339477137215981,1.1241937413576966,2.9640968296096557,2.194668752147653,0.9530354791180284,2.9229156319076357,2.089688618482252,1.608960153511678,2.9090263983484497,1.6770381046648795,1.703879824492152,1.3354249479839113,2.8790325412392734,1.486536089629116,2.5005001194903267,2.695870572861877,1
2.9640968296096557,2.194668752147653,0.9530354791180284,2.9229156319076357,2.089688618482252,1.608960153511678,2.9090263983484497,1.6770381046648795,1.703879824492152,1.3354249479839113,2.8790325412392734,1.486536089629116,2.5005001194903267,2.695870572861877,3.077641941428973,2.37162930358168,1.4360398556891214,2.5964944036348228,2.3606748162599396,0.8237264435468318,1.1453481116790714,2.1883831027338267,1.6804554067237623,2.997636940017876,1.3118382739732144,0.7126943308168142,2.322567154855286,1.1400306648499405,2.93695924759888,2.157441048729312,1.0441991331490512,2.924579864738301,2.0376107802126584,2.145215029925165,2.902905137148021,1.662780509854608,1.7088696107700816,1.6007901960015078,2.879673823117894,1.475904101632944,2.456488469343671,2.724301583186654,1
2.93695924759888,2.157441048729312,1.0441991331490512,2.924579864738301,2.0376107802126584,2.145215029925165,2.902905137148021,1.662780509854608,1.7088696107700816,1.6007901960015078,2.879673823117894,1.475904101632944,2.456488469343671,2.724301583186654,3.0674096195873055,2.3398613520553795,1.3461233599585274,2.4519951383204894,2.49903511925819,0.4234019425901115,1.1510282523675321,2.186072754837453,1.7509283308042798,2.8851610890838275,1.1851346272401924,0.8421524132092928,2.2211489266136475,1.1754519373965318,2.8842636165111535,2.2107178368894096,1.104159525527584,2.947333789907294,2.163474319357092,1.7712436147364528,2.906155089787967,1.6496115957010786,1.7274190280792558,1.5725155164127347,2.8851211944311057,1.501252097128301,2.394315128590989,2.724365176445074,1
2.8842636165111535,2.2107178368894096,1.104159525527584,2.947333789907294,2.163474319357092,1.7712436147364528,2.906155089787967,1.6496115957010786,1.7274190280792558,1.5725155164127347,2.8851211944311057,1.501252097128301,2.394315128590989,2.724365176445074,2.9961067603112945,2.271748596954713,1.4723967167383094,2.5867745614904187,2.0948637953286466,1.7218065806143112,1.245053427857528,2.12886119683099,1.823720018559273,2.6136684898128104,1.1800702139439392,0.9991853360629126,2.205583092880089,1.1949525570656945,2.991661551119949,2.1748709282988354,1.2422304766870846,2.8823947829418826,2.172065362229647,1.7939078606665388,2.6140388242218107,1.6210111003978689,1.7535913032471702,1.6482872758460227,2.706742414820073,1.4951498484651164,2.250007004422529,2.6267251840704144,1
2.7656462011605476,2.2558716233262395,0.8694005941707568,2.985708345785303,2.207148749100202,1.8486115199090576,3.0310649438171264,1.6241965471736868,1.6170488450168035,2.9657830856359086,3.1035720509365663,1.5578848598752757,2.3704910532503263,2.8246152519410663,2.8005580941715906,2.313639674553965,1.3358665697166043,2.8039332728906863,2.5843159610441973,2.4969592551460504,1.5344855414871466,2.9179202828650275,1.384790728832333,2.5557777303442313,1.6056572277356662,0.4402532777030133,2.148289247766477,1.3232455510263395,2.825545049091411,2.248460938148307,0.9479218997179573,2.9999108489837236,2.1624108962696513,1.9630154246610902,3.024538048228167,1.6462425152794786,1.6862998195915553,2.5114588809563094,3.052374554347511,1.5372960633470572,2.410605690046507,2.7891279293074427,1
2.825545049091411,2.248460938148307,0.9479218997179573,2.9999108489837236,2.1624108962696513,1.9630154246610902,3.024538048228167,1.6462425152794786,1.6862998195915553,2.5114588809563094,3.052374554347511,1.5372960633470572,2.410605690046507,2.7891279293074427,2.788134180046889,2.4394840432954568,1.3779257030519243,2.8035286958141117,2.5538736529246746,2.317239299080135,1.5508334943918691,3.057389198254194,1.3201390476101684,2.2935522098142593,1.6334382445326685,0.4754942863348036,2.137110214438506,1.3638586261482613,2.9759695688025642,2.1689121982519888,1.169419918965053,2.918192589645309,2.1999123318092177,1.9455129844096581,2.7844276157703374,1.6839426483563065,1.7675261728303275,2.259860084226481,2.7989038848248335,1.4954464952728364,2.286209053091423,2.718503348377303,1
2.9759695688025642,2.1689121982519888,1.169419918965053,2.918192589645309,2.1999123318092177,1.9455129844096581,2.7844276157703374,1.6839426483563065,1.7675261728303275,2.259860084226481,2.7989038848248335,1.4954464952728364,2.286209053091423,2.718503348377303,2.8040918656629583,2.278796001489702,1.343826794121785,2.786343610199215,2.6163250409890946,2.487016103012954,1.4615026978384462,2.2998017638059176,1.3363779917543366,2.504830060079163,1.490763371481655,0.36152342771992824,2.2515425707834034,1.2587569492848707,2.757759396416168,2.2559409666499937,0.5336007889804524,2.996716826565761,2.22790813025191,1.8508447205461875,2.916102796670567,1.6616983507291228,1.576050656387148,3.00656664409009,3.0276458086829523,1.5331920004982442,2.4246025136941576,2.7976669500718914,1
2.757759396416168,2.2559409666499937,0.5336007889804524,2.996716826565761,2.22790813025191,1.8508447205461875,2.916102796670567,1.6616983507291228,1.576050656387148,3.00656664409009,3.0276458086829523,1.5331920004982442,2.4246025136941576,2.7976669500718914,2.7568485219285597,2.4245145277893023,1.4585842141718048,2.9148025997990588,2.580848032230308,2.3015615442240676,1.309368502190094,1.6882287479493479,1.3976462821827496,2.2761363239486663,1.4102049358064244,0.8586537360005205,2.135371055625002,1.1965199318643749,2.7795896130609665,2.229874476951574,0.24518573225786033,2.997975670902207,2.187173221056989,2.0380098508230575,2.942253330751983,1.6641003159917371,1.642650348034081,3.059420072797743,3.0350067341112394,1.5279158926873313,2.4523730410968154,2.7916275405267448,1
2.7795896130609665,2.229874476951574,0.24518573225786033,2.997975670902207,2.187173221056989,2.0380098508230575,2.942253330751983,1.6641003159917371,1.642650348034081,3.059420072797743,3.0350067341112394,1.5279158926873313,2.4523730410968154,2.7916275405267448,2.945508331106641,2.504778192258083,1.5073502514766186,2.809802335369671,2.5946092807262766,0.4953264357374706,1.2790450492851324,2.1951228921926234,1.3345673291648996,2.222479078429642,1.330934486542558,0.7156623374785127,2.204206145532281,1.2158510135974496,2.6605923034640044,2.275377751209166,0.6455626299596581,2.976829754726833,2.2178202102619893,1.8988933576559721,2.912850573587271,1.6749932226399218,1.62557025611149,2.195580632652103,3.01159448437898,1.5245421881223147,2.3659415216013535,2.796737175385547,1
2.6605923034640044,2.275377751209166,0.6455626299596581,2.976829754726833,2.2178202102619893,1.8988933576559721,2.912850573587271,1.6749932226399218,1.62557025611149,2.195580632652103,3.01159448437898,1.5245421881223147,2.3659415216013535,2.796737175385547,2.7201484473168867,2.616061654226752,1.6105030397868132,2.9549273433666343,2.540970066187622,1.9893104972340432,1.2195644457633121,1.7524781821426778,1.2906039040183894,2.2605204099145713,1.3243032567955755,1.2536908080430802,2.4541413214024477,1.231882730261598,2.732042189619363,2.2226234828567,1.3351354584848405,2.9545489581514253,2.1817224956367416,2.080083695072186,2.8386623828189355,1.6877457764526134,1.78300227150759,2.1061867328469055,2.873202250930353,1.5061493441525193,2.335204305926936,2.7275497239588415,1
2.732042189619363,2.2226234828567,1.3351354584848405,2.9545489581514253,2.1817224956367416,2.080083695072186,2.8386623828189355,1.6877457764526134,1.78300227150759,2.1061867328469055,2.873202250930353,1.5061493441525193,2.335204305926936,2.7275497239588415,2.8085430181744737,2.4191120319406956,1.5007906996062366,2.8176972669032425,2.56340088063283,2.0258982120597913,1.2778941024751247,2.025343482089104,1.4021588376838747,2.501228883894626,1.3298987133446196,0.894128389481601,2.306575478363867,1.2289714773636047,2.651038729961905,2.2662407550996755,1.291173971695855,2.984166114582469,2.1636519035010826,2.127779741269686,2.8968023617366776,1.6771839729154174,1.6248370250677355,3.1145545232093657,2.986357738522239,1.5291533503094783,2.385875632153557,2.8211950678049207,1
2.651038729961905,2.2662407550996755,1.291173971695855,2.984166114582469,2.1636519035010826,2.127779741269686,2.8968023617366776,1.6771839729154174,1.6248370250677355,3.1145545232093657,2.986357738522239,1.5291533503094783,2.385875632153557,2.8211950678049207,2.7742609781050773,2.6343188126938175,1.6768403143599,2.9955396215321315,2.3977289997554916,0.6836513252754429,1.1768857672074136,1.7876791203509397,1.2928797977686102,2.2377997975981945,1.2915214909662587,1.2021611449203653,2.5050409794312642,1.2139748891471245,2.7396057777481717,2.1961306142036046,0.9819882938025448,2.9386177440853376,2.2064153780475553,2.0043974270439215,2.8922194260369904,1.6756986592770295,1.6019186019645275,2.986523708927232,2.9341716719592155,1.5109029351237155,2.3613401411193147,2.7547426133213953,1
2.7396057777481717,2.1961306142036046,0.9819882938025448,2.9386177440853376,2.2064153780475553,2.0043974270439215,2.8922194260369904,1.6756986592770295,1.6019186019645275,2.986523708927232,2.9341716719592155,1.5109029351237155,2.3613401411193147,2.7547426133213953,2.7636688807529275,2.6110936924922843,1.6268492953714355,2.9446781143191236,2.565937453578864,0.95538391654888,1.1525058066078016,1.7881381515955348,1.2484110989796333,2.1871053903180493,1.3439316312450016,0.9254355436163629,2.423879059200248,1.2564410358287075,2.758017788982374,2.2086563036003137,1.1702888639858853,2.948344845153269,2.197496251872243,1.9536626100461671,2.876158174276411,1.6921336426905225,1.6953093058519937,2.5417881370322615,2.9031667542778905,1.5194735535512254,2.39029276562467,2.7175864768808453,1
2.758017788982374,2.2086563036003137,1.1702888639858853,2.948344845153269,2.197496251872243,1.9536626100461671,2.876158174276411,1.6921336426905225,1.6953093058519937,2.5417881370322615,2.9031667542778905,1.5194735535512254,2.39029276562467,2.7175864768808453,2.7802413437135125,2.6291695278736675,1.6333956872503854,2.9719703957281673,2.5651219106150807,1.8411080791164032,1.222379032704871,1.7737497349745235,1.3560033537542773,2.4015112224517567,1.3603453489066228,0.9497780766324606,2.375073587902437,1.255397386344705,2.8450655770766886,2.184584501862371,1.3840237644714997,2.9471526744506327,2.1202116808045908,2.1423540692249627,2.8569225651649677,1.6897643220737755,1.7562295768172176,2.531875432425537,2.8601820798630584,1.4936498474851023,2.411907810801032,2.722353188936057,1
2.8450655770766886,2.184584501862371,1.3840237644714997,2.9471526744506327,2.1202116808045908,2.1423540692249627,2.8569225651649677,1.6897643220737755,1.7562295768172176,2.531875432425537,2.8601820798630584,1.4936498474851023,2.411907810801032,2.722353188936057,2.583895392353168,2.605789864977201,1.5943240038246995,2.9510353743929465,2.557301114572213,2.048859618724931,1.2429193079428145,1.7356555118766772,1.3187175271678715,2.331058261963281,1.3984170708072778,1.2265546454490368,2.3576900409476433,1.27425308958828,2.6170293556971984,2.2955188791379553,1.4940596241969462,2.965872492624247,2.1762508848657998,2.1617834885069236,2.830498154093462,1.670855668499446,1.6240474984098414,3.1343943374097267,2.855291641299897,1.5090513117174018,2.371681012968549,2.723485843605459,1
2.6170293556971984,2.2955188791379553,1.4940596241969462,2.965872492624247,2.1762508848657998,2.1617834885069236,2.830498154093462,1.670855668499446,1.6240474984098414,3.1343943374097267,2.855291641299897,1.5090513117174018,2.371681012968549,2.723485843605459,2.507736890043332,2.656044166353514,1.5766764285235628,2.9188218677915643,2.4200301111736326,1.6051401117342754,1.2824588992765333,1.8082362548104622,1.3661576097991883,2.394916422728414,1.4357262279824876,0.822557420652112,2.494416131419684,1.1981468023747297,2.7466549225663273,2.2293812274737697,1.2921794308097563,2.955786725844331,2.1423439824756105,2.092335244528229,2.8732160066659187,1.6830292636675916,1.740619857050856,2.6558926891302383,2.8919430408842683,1.5110747916442084,2.3794212097720058,2.7259433563818307,1
2.7466549225663273,2.2293812274737697,1.2921794308097563,2.955786725844331,2.1423439824756105,2.092335244528229,2.8732160066659187,1.6830292636675916,1.740619857050856,2.6558926891302383,2.8919430408842683,1.5110747916442084,2.3794212097720058,2.7259433563818307,2.769372870175034,2.567593929907808,1.6608367038168659,3.010097446526924,2.6217773692184885,2.0338087414603634,1.1671189459313622,1.5721128188812383,1.3700963300179267,2.3832757967743428,1.3166002106540742,1.2504109167846382,2.539220401278821,1.1777698780575445,2.818960204699289,2.23736496859095,1.3975808963552734,2.949410870924841,2.189794442004821,2.02329571417781,2.8844681478936964,1.6903880016016632,1.7063275391226485,2.3680260762806116,2.872734458326147,1.5076293383356802,2.3480767381192402,2.695066042099257,1
2.818960204699289,2.23736496859095,1.3975808963552734,2.949410870924841,2.189794442004821,2.02329571417781,2.8844681478936964,1.6903880016016632,1.7063275391226485,2.3680260762806116,2.872734458326147,1.5076293383356802,2.3480767381192402,2.695066042099257,2.7281306625469943,2.6955531999934434,1.6877652194813773,2.9715047481418906,2.451693298492667,0.5922777051724218,1.1464063259900412,1.793159069893013,1.3644315025760072,2.313464451224938,1.3215177692276847,0.9165409196369336,2.453594751891184,1.214617693889979,2.817519669356461,2.194101776804269,1.4150980551646153,2.947199262110271,2.179973802299718,2.012757337605681,2.8467895500599014,1.6999627198297003,1.80722735974431,2.4719828004329143,2.849604269133631,1.4899574033693712,2.3656875843485814,2.726268972822518,1
2.817519669356461,2.194101776804269,1.4150980551646153,2.947199262110271,2.179973802299718,2.012757337605681,2.8467895500599014,1.6999627198297003,1.80722735974431,2.4719828004329143,2.849604269133631,1.4899574033693712,2.3656875843485814,2.726268972822518,2.6861195812063134,2.716489908631867,1.6036556318813904,2.944552978134851,2.404261801013599,0.3607953066850381,1.108998980519887,1.806638826325977,1.3263579386378335,2.1532278994889196,1.3556244325219602,1.0469399612640564,2.385894232080101,1.20185973363746,2.8025215013087075,2.22383131169068,1.2223191297693035,2.924503423763614,2.1052146056964376,2.147143323875592,2.85945315900614,1.6799218840482941,1.7391330720887812,2.4003097130930966,2.862666156711482,1.5101927233639232,2.3305126727035788,2.737010298990926,1
2.8025215013087075,2.22383131169068,1.2223191297693035,2.924503423763614,2.1052146056964376,2.147143323875592,2.85945315900614,1.6799218840482941,1.7391330720887812,2.4003097130930966,2.862666156711482,1.5101927233639232,2.3305126727035788,2.737010298990926,2.4149503558502587,2.727143748658839,1.6009735338762683,2.98101252484009,2.5042337739372176,2.0990674065295494,1.2328116786950818,1.8044564995585508,1.2551915065955774,2.0921066262968067,1.4023237555370829,1.1601463663053424,2.4036552653139465,1.2053803295398646,2.8955283171764212,2.22986533884821,1.4334442769267655,2.948577481175481,2.1914956387352023,2.246661891056227,2.725061662802746,1.6776290379478478,1.9303280799291485,1.5347224687015,2.7213085218698394,1.5012348471935706,2.062763112450574,2.7600572157881644,1
2.265353876020722,2.7689161197985297,2.0957766623452603,3.015298964167478,2.988809093308037,0.35206431015611617,3.117170204980383,1.9038054848325152,1.559317441571423,0.29896365867502817,3.083652725875105,1.4829476810251236,2.8757667289205506,2.7144220827599517,2.71343645516444,2.358809539888059,1.589535016996351,3.0767993765275343,2.3266710004564115,1.9926431485518437,0.8623316401462968,1.6577144902428396,1.232931916373658,2.00473365357426,1.063102897867696,2.4614007791508548,2.3288674777117477,0.9207391493275627,2.302415811294563,2.7225640143027037,2.0892623174745046,2.966100651821135,3.0729215629772373,0.25749323147630726,3.098291651111733,1.9506542283647539,1.7326909243990398,0.3285980892507908,3.010462675737216,1.375417106175048,2.938524650889306,2.825268493567168,1
2.302415811294563,2.7225640143027037,2.0892623174745046,2.966100651821135,3.0729215629772373,0.25749323147630726,3.098291651111733,1.9506542283647539,1.7326909243990398,0.3285980892507908,3.010462675737216,1.375417106175048,2.938524650889306,2.825268493567168,2.8578179755294144,2.3645965084420966,1.6063317314866636,3.1196675301386136,2.271533105386075,1.9926388459442688,0.9898350376624123,1.7300572320685998,1.347155137073485,2.222729140459423,1.0205426250330676,2.4084747399703312,2.29575210792387,0.8904397597373549,2.2990143675135974,2.7249679535159976,2.3499118616013237,3.0052740849743804,3.0614780811802773,0.3070257477135875,3.1255739027389398,1.9379063491358062,1.5961058027255828,0.30016043612326426,3.113310768577282,1.480121737009797,2.8107322490688595,2.7610398473328286,1
2.2990143675135974,2.7249679535159976,2.3499118616013237,3.0052740849743804,3.0614780811802773,0.3070257477135875,3.1255739027389398,1.9379063491358062,1.5961058027255828,0.30016043612326426,3.113310768577282,1.480121737009797,2.8107322490688595,2.7610398473328286,2.852332223752083,2.387623442454669,1.6362707290815577,3.0867288365991326,2.269393098872945,1.9306672916796246,1.1877262075671933,1.753978355150123,1.4615346316314297,2.27471984873499,1.153959849873866,2.556656237768021,2.255895487077978,1.027914236933663,2.2457422525890243,2.752643640171777,2.2382149086749483,3.036518835572849,3.039107650947511,0.3204502746466341,3.125450658730466,1.9155027630018528,1.4369076234792506,0.25708495400736087,3.122074342870149,1.5540160332264543,2.8467533515135686,2.729613758367481,1
2.2457422525890243,2.752643640171777,2.2382149086749483,3.036518835572849,3.039107650947511,0.3204502746466341,3.125450658730466,1.9155027630018528,1.4369076234792506,0.25708495400736087,3.122074342870149,1.5540160332264543,2.8467533515135686,2.729613758367481,2.7167357993465866,2.346319565086752,1.559775285823552,3.107974911030061,2.3833132013605707,2.013845519025526,0.944108668473949,1.6421045540999661,1.270023289377113,2.015637007824033,1.1508793966250215,2.5077123104734413,2.30383880709022,0.9799920099426924,2.2416413104318087,2.7546474654768414,2.177245683123631,3.0142374149792595,3.1194731210231197,0.30217409614401725,3.140384541004929,1.930022466952194,1.4957564196923228,0.3133233541264966,3.087630261703089,1.4951396881793186,2.8452581898709095,2.7560924602358297,1
2.2416413104318087,2.7546474654768414,2.177245683123631,3.0142374149792595,3.1194731210231197,0.30217409614401725,3.140384541004929,1.930022466952194,1.4957564196923228,0.3133233541264966,3.087630261703089,1.4951396881793186,2.8452581898709095,2.7560924602358297,2.860636029124908,2.3685256828141137,1.5865934272799818,3.122864946966369,2.2810494780928607,2.057579832482946,0.876825005381731,1.8731872776487608,1.3682670134147714,2.301723695965978,0.9731440687290531,2.3150008916291083,2.272586424895807,0.8489768360152922,2.368856716468245,2.632323270073701,2.290737689634587,3.0041187366351427,3.085403912186656,0.3231917276469348,3.1102182479547107,1.9330007474151798,1.7678097726761093,0.3080022526342838,3.1253174258569922,1.4947124754267065,2.733694782721162,2.770996833069845,1
2.5803189505254074,2.4793623537753637,1.8996484625638415,2.99225298823213,2.5579646192106726,1.1406841948546687,3.088641499921706,1.7945975857294656,1.3959715938962356,0.055259157410856796,3.0974808410874046,1.5763093467164941,2.431307165664384,2.737858236427149,3.021064658885785,2.3766207241959023,1.652829158986881,3.064918312119748,2.196352112372981,2.153456205938987,1.094267179415695,2.009269622128166,1.417591410160401,2.861738491439744,0.8308225756800381,1.9744165356877263,2.268169752549557,1.107450319865835,2.5240868535261924,2.4913337483939566,1.8360008741684133,3.0083961568272986,2.4961991591246324,1.170495852160911,3.092234175644735,1.7752408106802402,1.3521672215170986,0.09648451173069103,3.108812575492232,1.6203893752083987,2.468216213525595,2.72919642060078,1
2.5240868535261924,2.4913337483939566,1.8360008741684133,3.0083961568272986,2.4961991591246324,1.170495852160911,3.092234175644735,1.7752408106802402,1.3521672215170986,0.09648451173069103,3.108812575492232,1.6203893752083987,2.468216213525595,2.72919642060078,3.1139476346263772,2.396399403704727,1.6305497199571184,3.103367203294761,2.278917873647831,2.0748988652859865,0.9041475677206824,1.8825796394980254,1.2904717197589446,2.441181152228658,0.8203896382935184,1.9803761147098908,2.3335504898674877,1.0750206078141749,2.5306069381716765,2.47528116493222,1.9817642331377465,3.0314983168110268,2.539430815372762,1.2148969503108131,3.0631846050900915,1.7605344641321257,1.3417538532250088,0.14619948293916743,3.100543079586919,1.6246360114093537,2.4289531792155685,2.7093552005721797,1
2.5306069381716765,2.47528116493222,1.9817642331377465,3.0314983168110268,2.539430815372762,1.2148969503108131,3.0631846050900915,1.7605344641321257,1.3417538532250088,0.14619948293916743,3.100543079586919,1.6246360114093537,2.4289531792155685,2.7093552005721797,3.133673012194623,2.2771782595993404,1.6070639724109532,3.1191672459768163,2.2522596316295416,2.0201884471096045,0.8924217688491953,1.980007929462857,1.3679276034590881,2.5954667860255647,0.7656827826085965,2.041427006185925,2.2793256752690794,1.0230586641033432,2.5024945248315293,2.5349153116682674,1.9089613140027293,3.0120662251276147,2.469428206136872,1.100884240745878,3.0706906493147175,1.7595332826775256,1.341348109467645,0.06600106184446763,3.0970425711855007,1.6008808911435355,2.4140039538047544,2.711587095766012,1
2.5024945248315293,2.5349153116682674,1.9089613140027293,3.0120662251276147,2.469428206136872,1.100884240745878,3.0706906493147175,1.7595332826775256,1.341348109467645,0.06600106184446763,3.0970425711855007,1.6008808911435355,2.4140039538047544,2.711587095766012,3.131662110050343,2.3561597862025385,1.6590785572317137,2.9641390136801196,2.316468586593918,2.093881417254921,0.8004637899233852,1.912359284696298,1.288004706161602,2.5255170181623656,0.722258098829313,1.977909065118132,2.2375845261516085,1.0131306713995507,2.371799434744608,2.6419444346114647,2.2799697555385596,3.0128214770619635,3.0336586093808293,0.29595812684903156,3.0587976046243472,1.8164800946646487,1.3151440375639254,0.3073228996787643,3.1251650138946356,1.4939294007583253,2.4443982661096353,2.697903232991074,1
3.080286272590173,2.2569701994940203,1.8220856944942094,2.886169205014932,2.0569667231536624,1.0104967571169416,2.969465232487105,1.7495756826761872,1.7824373624723884,0.6157058040615269,2.831389706632285,1.3787229260727074,2.6913866926412826,2.7385033631450284,2.6290272097236063,2.1130676451281314,1.542999234601635,2.6078953300384233,1.5420684438297292,2.9814159441654753,1.0257743214140018,2.0616132356641743,2.1570696534075706,2.17097725420283,0.9040713733565569,1.4668229492144862,2.273831915977646,1.1233783966239368,3.069587515255204,2.2518029542206013,1.9218076876939096,2.9163439089688636,2.0039751927133884,1.1679278511248095,2.9706207428669154,1.7432539757008376,1.748957807626057,0.6098896619620146,2.8554013994809817,1.4123306486827134,2.716633108367175,2.7383801680866506,1
3.069587515255204,2.2518029542206013,1.9218076876939096,2.9163439089688636,2.0039751927133884,1.1679278511248095,2.9706207428669154,1.7432539757008376,1.748957807626057,0.6098896619620146,2.8554013994809817,1.4123306486827134,2.716633108367175,2.7383801680866506,2.6540049985558873,2.1556699415825977,1.5515630506164901,2.641178518861476,1.490458444384794,3.095626454266651,1.0691781996172542,2.152281705234917,2.116557847297072,2.0107671417387123,1.0292500464414018,1.496853391481416,2.1926648994914983,1.2040189312148186,3.0743578997309724,2.2310802763487048,1.8720029597134655,2.8657572599819936,1.9184208809096233,1.3770902766043212,2.962971319028599,1.8155561332944268,1.7625326551312637,0.6851996477994804,2.8028194431710176,1.3322064310721438,2.63046479486232,2.7402443864943167,1
3.0743578997309724,2.2310802763487048,1.8720029597134655,2.8657572599819936,1.9184208809096233,1.3770902766043212,2.962971319028599,1.8155561332944268,1.7625326551312637,0.6851996477994804,2.8028194431710176,1.3322064310721438,2.63046479486232,2.7402443864943167,2.619208266478573,2.154975702128886,1.5627786169857654,2.6361785584589317,1.481842268597211,3.095038634324608,1.0965301579011817,2.13157488895374,2.175534240364203,2.1058234618207807,0.9814684287846139,1.4129556038122315,2.2951619024194,1.2206573102279838,3.1323246640368634,2.202105020376922,1.8065435912764036,2.842669353401318,1.8955807709654822,1.4682997951193513,2.9503847218096397,1.8601501420382942,1.762807992050228,0.7604703205525971,2.7755917888477333,1.3283352360281908,2.5927180282601907,2.738226937984414,1
3.1323246640368634,2.202105020376922,1.8065435912764036,2.842669353401318,1.8955807709654822,1.4682997951193513,2.9503847218096397,1.8601501420382942,1.762807992050228,0.7604703205525971,2.7755917888477333,1.3283352360281908,2.5927180282601907,2.738226937984414,2.549971603652496,2.1215945245268895,1.5584414657110022,2.5839780048855965,1.4258411188523579,3.002969288523218,1.1021903095466477,2.161000997313493,2.2237819754067303,2.039332557224063,1.0039547930147668,1.37700927045102,2.167787064853888,1.2286062007895584,3.0882999908012705,2.224908594277712,1.7772715910987849,2.8104362242639924,2.0055691461842806,1.331627314285726,2.9706964536268914,1.8458930608701747,1.7150693800091226,0.6263979129230892,2.8040678090959323,1.3009871686514867,2.622180862977559,2.72000917508428,1
2.5803189505254074,2.4793623537753637,1.8996484625638415,2.99225298823213,2.5579646192106726,1.1406841948546687,3.088641499921706,1.7945975857294656,1.3959715938962356,0.055259157410856796,3.0974808410874046,1.5763093467164941,2.431307165664384,2.737858236427149,3.021064658885785,2.3766207241959023,1.652829158986881,3.064918312119748,2.196352112372981,2.153456205938987,1.094267179415695,2.009269622128166,1.417591410160401,2.861738491439744,0.8308225756800381,1.9744165356877263,2.268169752549557,1.107450319865835,2.5240868535261924,2.4913337483939566,1.8360008741684133,3.0083961568272986,2.4961991591246324,1.170495852160911,3.092234175644735,1.7752408106802402,1.3521672215170986,0.09648451173069103,3.108812575492232,1.6203893752083987,2.468216213525595,2.72919642060078,1
2.5240868535261924,2.4913337483939566,1.8360008741684133,3.0083961568272986,2.4961991591246324,1.170495852160911,3.092234175644735,1.7752408106802402,1.3521672215170986,0.09648451173069103,3.108812575492232,1.6203893752083987,2.468216213525595,2.72919642060078,3.1139476346263772,2.396399403704727,1.6305497199571184,3.103367203294761,2.278917873647831,2.0748988652859865,0.9041475677206824,1.8825796394980254,1.2904717197589446,2.441181152228658,0.8203896382935184,1.9803761147098908,2.3335504898674877,1.0750206078141749,2.5306069381716765,2.47528116493222,1.9817642331377465,3.0314983168110268,2.539430815372762,1.2148969503108131,3.0631846050900915,1.7605344641321257,1.3417538532250088,0.14619948293916743,3.100543079586919,1.6246360114093537,2.4289531792155685,2.7093552005721797,1
2.5306069381716765,2.47528116493222,1.9817642331377465,3.0314983168110268,2.539430815372762,1.2148969503108131,3.0631846050900915,1.7605344641321257,1.3417538532250088,0.14619948293916743,3.100543079586919,1.6246360114093537,2.4289531792155685,2.7093552005721797,3.133673012194623,2.2771782595993404,1.6070639724109532,3.1191672459768163,2.2522596316295416,2.0201884471096045,0.8924217688491953,1.980007929462857,1.3679276034590881,2.5954667860255647,0.7656827826085965,2.041427006185925,2.2793256752690794,1.0230586641033432,2.5024945248315293,2.5349153116682674,1.9089613140027293,3.0120662251276147,2.469428206136872,1.100884240745878,3.0706906493147175,1.7595332826775256,1.341348109467645,0.06600106184446763,3.0970425711855007,1.6008808911435355,2.4140039538047544,2.711587095766012,1
2.5024945248315293,2.5349153116682674,1.9089613140027293,3.0120662251276147,2.469428206136872,1.100884240745878,3.0706906493147175,1.7595332826775256,1.341348109467645,0.06600106184446763,3.0970425711855007,1.6008808911435355,2.4140039538047544,2.711587095766012,3.131662110050343,2.3561597862025385,1.6590785572317137,2.9641390136801196,2.316468586593918,2.093881417254921,0.8004637899233852,1.912359284696298,1.288004706161602,2.5255170181623656,0.722258098829313,1.977909065118132,2.2375845261516085,1.0131306713995507,2.371799434744608,2.6419444346114647,2.2799697555385596,3.0128214770619635,3.0336586093808293,0.29595812684903156,3.0587976046243472,1.8164800946646487,1.3151440375639254,0.3073228996787643,3.1251650138946356,1.4939294007583253,2.4443982661096353,2.697903232991074,1
2.4311200811411444,2.7530388355457616,1.7849359264861957,3.0616035725098314,2.450317627794792,1.7242470402085917,2.2121802133940447,1.8030316675412783,1.2225115481080853,1.4445213840439297,2.481292798271204,1.7089837540715207,2.6007862979896066,2.2549635421623373,2.5425607823861323,2.591701738779419,1.5335817746119638,3.109032882004552,2.3050068371437757,1.990988899490214,1.0491484353105838,1.7898062680103837,1.0228970588127575,1.8198503882177433,1.2976617361767833,2.4662854020916765,2.393985587477896,1.1044550464141407,2.5685726187271176,2.6607817772107807,2.6431952001504624,3.068552012111025,2.461025213665744,1.3339114786743762,2.8807988733048577,1.7624798157588926,1.2656741123233257,0.5824691812292002,2.9110152380135785,1.5766794589577884,2.51718759130111,2.656029267456682,1
2.5256224239972127,2.667305837403344,2.4342845060542633,3.1123194546543163,2.2113516471657206,1.3347022350146476,3.056954300260758,1.7457280004273592,1.28731841840296,0.510670359752571,3.0759644182671213,1.599686894913521,2.4905190592140456,2.7161444525590213,2.5582774691413945,2.6490980811134253,1.543094162985354,3.1325686502238046,2.27679597690631,1.926299360103435,0.9534085113975956,1.8339831961093225,1.00893125646417,1.7283013032276004,1.1970700554102502,2.4232586816990027,2.401605584617121,0.9875756263911665,2.5021113363073475,2.7247926201358483,2.4818388268139184,3.1316878322886446,2.1228510941950085,1.187489643538484,3.067706284286632,1.7218994920657498,1.25683028527199,0.49092066382754307,3.025746087575111,1.641721137583067,2.5113083264607177,2.7182204045597453,1
2.5021113363073475,2.7247926201358483,2.4818388268139184,3.1316878322886446,2.1228510941950085,1.187489643538484,3.067706284286632,1.7218994920657498,1.25683028527199,0.49092066382754307,3.025746087575111,1.641721137583067,2.5113083264607177,2.7182204045597453,2.650539943150142,2.6089824105024317,1.6017154670105966,3.090017408159534,2.2898873082918345,1.8347336104072,0.8903011674604964,1.7409637081733338,1.0160249077239298,1.7515538663969465,1.0969550275873885,2.3181173418856567,2.448540118736751,0.9200904940786986,2.4674030643974354,2.717662380627783,2.3476323362492035,3.1343073968056605,2.172049553499705,1.1952236358369634,3.081967734267812,1.6884798633193927,1.2602670121671877,0.44323724563746053,3.042346919536482,1.6702055348643756,2.4915292911525886,2.717681857564672,1
2.4674030643974354,2.717662380627783,2.3476323362492035,3.1343073968056605,2.172049553499705,1.1952236358369634,3.081967734267812,1.6884798633193927,1.2602670121671877,0.44323724563746053,3.042346919536482,1.6702055348643756,2.4915292911525886,2.717681857564672,2.626667739760846,2.6163769282281413,1.5171571130771881,3.0825061595723966,2.3192717268195158,1.8094983231361055,1.1885770597063152,2.018185491589704,1.1071077798771747,1.6494607667020889,1.383328904902975,2.684926188052671,2.397300600555105,1.1870421479506295,2.4680096808323326,2.717461747593228,2.4937305502353158,3.137175873952654,2.176615883112902,1.2532683570201213,2.910991717157038,1.7235569206866486,1.1703178531696043,0.6031289046032657,2.86254563294778,1.7184840835081796,2.4651254867226298,2.6372748575789133,1
2.4680096808323326,2.717461747593228,2.4937305502353158,3.137175873952654,2.176615883112902,1.2532683570201213,2.910991717157038,1.7235569206866486,1.1703178531696043,0.6031289046032657,2.86254563294778,1.7184840835081796,2.4651254867226298,2.6372748575789133,2.6764586398676045,2.5668514278625754,1.5377248137212962,3.1269298257343228,2.239489633129452,1.8913616506594582,1.0031262656121127,1.8758660608693918,1.1664060450888645,1.7289054219827524,1.1478156338747163,2.4210765784011024,2.400335335990753,0.9211182799512464,2.4879317426717544,2.6672158842900773,2.703201083881734,3.1398768190171396,2.27979498573384,1.0982685756533188,3.0060817604493466,1.7207884550024886,1.1853526881422873,0.4656222248731335,3.0115277302441723,1.6669773799824306,2.49626613829695,2.700677643744268,1
2.475768034710665,2.4913118278017117,2.4517956359633413,3.0586336589487546,2.5010040465927283,1.4298748701780024,2.740968047656521,1.648815182826151,0.6288797460727382,1.0673558859765264,2.9807182739353957,1.5715447034070857,1.360161385996743,2.6539046069001717,2.389005240688702,2.4442974717606116,1.3178259173917053,2.910577154672797,2.179230722147879,1.7557716157493,1.3459250604214636,2.4362966582266115,0.6549547698700405,1.3066999947718088,1.7272246442429986,2.5320066228276628,0.9294401840050122,1.3399171826137128,2.55458010947584,2.4292681892992993,3.0469879441821597,3.0551361213496575,2.3713179855533206,1.6764349223663029,2.8401251331306208,1.688291072101134,0.7461095487392735,1.060283317475994,3.0264696851153206,1.544224315290176,1.2629975325002902,2.717253466401384,1
2.55458010947584,2.4292681892992993,3.0469879441821597,3.0551361213496575,2.3713179855533206,1.6764349223663029,2.8401251331306208,1.688291072101134,0.7461095487392735,1.060283317475994,3.0264696851153206,1.544224315290176,1.2629975325002902,2.717253466401384,2.3750051282809,2.434999521857926,1.3566697493606443,2.9125158558655317,2.166680015490714,1.8329514179821793,1.227332111913456,2.246201525917999,0.7093262398252228,1.3542132181277498,1.63542267675368,3.0352304560516585,0.9706578957738963,1.330490951126169,2.405918717271863,2.557083514032748,2.299083193049215,3.075369020995343,2.4178194196440206,1.3616252666930486,2.915703013198762,1.6163919333469763,0.5912440403699477,0.9964412408383414,3.070955739037758,1.5979330395368723,1.341811852640808,2.7480249985377236,1
2.405918717271863,2.557083514032748,2.299083193049215,3.075369020995343,2.4178194196440206,1.3616252666930486,2.915703013198762,1.6163919333469763,0.5912440403699477,0.9964412408383414,3.070955739037758,1.5979330395368723,1.341811852640808,2.7480249985377236,2.5303045880368376,2.4062235087396537,1.2536528264210904,2.8808691032027873,2.3048634912763064,1.7727676977514675,1.5269218310879171,3.1381468219550914,0.5815541469971853,1.3787883180994496,1.9085926669033166,2.0620238940167863,1.1358226127811457,1.5457669566783263,2.387496780245264,2.5831386679372086,1.9924980723559598,3.1045179097050446,2.2517282025695478,1.476872678894495,2.981816355451413,1.60899858411562,0.7373241106656447,1.2099490164017805,3.058857248501867,1.6250139559832257,1.9088157656102922,2.692134520840872,1
2.387496780245264,2.5831386679372086,1.9924980723559598,3.1045179097050446,2.2517282025695478,1.476872678894495,2.981816355451413,1.60899858411562,0.7373241106656447,1.2099490164017805,3.058857248501867,1.6250139559832257,1.9088157656102922,2.692134520840872,2.3886842138724527,2.467797037155604,1.3508769445678301,2.8820947456610737,2.136553137697594,1.8757872601561048,1.1989879129412282,2.243902358841152,0.723996377987109,1.3707393351790467,1.586095586157514,3.034353367592904,1.0029586828499184,1.2605231025669792,2.4001246128389067,2.5889842718416753,2.1033150037040764,3.128461728017271,2.3053218316061495,1.3003039628542392,2.9258610626321926,1.5825156984221258,0.6117441897188789,1.1204872679647915,3.0930407615706925,1.6336352170546422,1.641974546643693,2.7019019890193956,1
2.866298880351478,2.1838512802097534,0.24850104875359938,2.959579026114776,2.2972652475242854,1.3006038394119979,2.916695968171721,1.6855613670689338,1.5649686789470425,0.0503587040642003,3.0970182656673333,1.603624026914533,2.6441761156999974,2.8549819621378703,3.0068417643289798,2.0968885252932683,1.2892562197467132,2.7238272273964506,2.470955705154877,2.131806885751158,1.2085436028817913,2.323078390669567,1.473230453538633,2.570948060892873,1.6482102573644228,2.453912912296181,2.4383310295475016,1.3952874544789733,2.8516835003142784,2.1841949424270033,0.27542778789376826,2.960436220214972,2.348783601158213,1.3443094541028995,2.979408334090426,1.6846021915004086,1.6042371792567631,0.7090924270623052,3.1292777119997077,1.6569320897806645,2.6052292951103224,2.8353397440107146,0
2.8516835003142784,2.1841949424270033,0.27542778789376826,2.960436220214972,2.348783601158213,1.3443094541028995,2.979408334090426,1.6846021915004086,1.6042371792567631,0.7090924270623052,3.1292777119997077,1.6569320897806645,2.6052292951103224,2.8353397440107146,2.8220404720361016,2.1659813683762708,1.4119637849027107,2.897629307441283,2.388557017176945,2.0532351627816245,1.3511170156908792,2.1226297559360097,1.536355421360018,2.708026614420538,1.8904839011754797,1.7977644163037507,2.5206919451554834,1.619759887805425,2.8124615680297174,2.165315831816314,0.1220152572836407,2.933025287284481,2.346935251232609,1.3885903478428456,2.9368284002341456,1.6723726178494964,1.6531036928940694,1.3509684732259002,3.10505127593618,1.6143975885165736,2.5853724828691975,2.8492426719373944,0
2.8124615680297174,2.165315831816314,0.1220152572836407,2.933025287284481,2.346935251232609,1.3885903478428456,2.9368284002341456,1.6723726178494964,1.6531036928940694,1.3509684732259002,3.10505127593618,1.6143975885165736,2.5853724828691975,2.8492426719373944,2.881792373362698,2.203144089494449,1.3807843424625061,2.7692427596661755,2.433244103047725,2.3211372102547054,1.1077738996875317,2.164791407316514,1.3716591316252575,2.3813067046805005,1.3242757517004153,1.633307405103208,2.444627893538674,1.1636942528306387,2.844574360063056,2.182190968126729,0.1371912540191876,2.9688975422967983,2.3358887146031235,1.4285089005833367,2.921633772895134,1.7023669170807307,1.7757418685389252,1.359576796797912,3.101954487354215,1.5892851709650826,2.4539430906828716,2.847508285507364,0
2.844574360063056,2.182190968126729,0.1371912540191876,2.9688975422967983,2.3358887146031235,1.4285089005833367,2.921633772895134,1.7023669170807307,1.7757418685389252,1.359576796797912,3.101954487354215,1.5892851709650826,2.4539430906828716,2.847508285507364,2.8914288027588215,2.199858915800043,1.299671603945828,2.7024689769374652,2.4189234765991885,2.1969382213392343,1.0985551082524196,2.2913590501481043,1.447377767687587,2.4726094242490952,1.5455138683836656,2.5296723120011575,2.4059738475583528,1.3797346851641308,2.8562275814110745,2.189348844617436,0.039880127265411465,2.9351561061360396,2.376821406277121,1.4102185003464849,2.944519579482224,1.6816623204227528,1.7754248827093662,1.3806187351863153,3.080397765341481,1.6131320313737014,2.431378796691396,2.819482729886243,0
2.8562275814110745,2.189348844617436,0.039880127265411465,2.9351561061360396,2.376821406277121,1.4102185003464849,2.944519579482224,1.6816623204227528,1.7754248827093662,1.3806187351863153,3.080397765341481,1.6131320313737014,2.431378796691396,2.819482729886243,2.869244346821957,2.1474477798525067,1.3267914792608941,2.7447526366835304,2.530852708219088,2.3936920882776582,1.102025032203657,1.992790890925112,1.38796832375438,2.58189440227458,1.3649213119960366,1.6834105594153106,2.350288011121365,1.1678112411860724,2.929245953503793,2.2065144457539323,1.1887877667233506,2.9499517785741376,2.404226952585927,1.1946356308311914,2.8002889348477202,1.7148289945021018,1.6164153639164502,0.5389925940039665,2.851692638051952,1.5886583666218392,2.448775001331489,2.77531642497076,0
2.501603301999933,2.6550555707575763,2.200038250135964,3.0279453837888233,2.9650487375581025,0.28519515990057465,3.103111470463607,1.8949006674642845,1.8376800251827081,0.3838278654687966,3.1378424510831167,1.512802687856319,2.9061130391002705,2.722645621840431,2.978335440512557,2.417266204249696,1.6283878470157123,2.9180024201362635,2.061902235649383,1.8816244562315612,1.9434118752619,2.4696428928054606,1.5286883836785796,2.167392210876173,1.5986687023109647,2.922768926194003,2.396287174331519,1.6487092846099345,2.536685008362668,2.609927414756227,2.4081275535895457,2.984047570221389,3.0475031024223314,0.2464236031573225,3.0994166776984624,1.9519324099227535,2.07671804463701,0.39497986108986166,3.135014997458252,1.3991676343846793,2.880927575915807,2.753962155021374,0
2.536685008362668,2.609927414756227,2.4081275535895457,2.984047570221389,3.0475031024223314,0.2464236031573225,3.0994166776984624,1.9519324099227535,2.07671804463701,0.39497986108986166,3.135014997458252,1.3991676343846793,2.880927575915807,2.753962155021374,3.0868815143311736,2.418018100655635,1.6633059227374327,2.9168296163767953,2.174549767216397,1.8780521417662974,1.8188528256392473,2.636969501069743,1.5511307639660774,2.769834229808059,1.57840921795889,3.010155725994516,2.4563857495499306,1.561618415179437,2.5545160587881846,2.5290521780566135,2.2421068983470613,2.9554837820918576,2.975063879588118,0.21408939564532342,3.122392908365848,1.973769789320038,3.091704980470119,0.47900717138959287,3.062367114118568,1.3493745315437695,2.828498916556118,2.792094344685304,0
2.5545160587881846,2.5290521780566135,2.2421068983470613,2.9554837820918576,2.975063879588118,0.21408939564532342,3.122392908365848,1.973769789320038,3.091704980470119,0.47900717138959287,3.062367114118568,1.3493745315437695,2.828498916556118,2.792094344685304,3.117011924411006,2.417471146416373,1.6304580974589507,2.902239627564803,2.202451768874152,1.8903501306205301,1.8759420472496413,2.6616825010155,1.4161230698951863,2.261675006872463,1.4560466558214127,2.263122262380902,2.492604064663918,1.5191304073380894,2.5984339311783757,2.57531802059106,2.3992435676593424,2.9684446484698603,3.031474718262311,0.2938432224411377,3.1019639506269145,1.9713861295547477,2.11528038538892,0.41481137170019866,3.1179116399818576,1.3935003379809965,2.914594826697073,2.7405570771505703,0
2.5984339311783757,2.57531802059106,2.3992435676593424,2.9684446484698603,3.031474718262311,0.2938432224411377,3.1019639506269145,1.9713861295547477,2.11528038538892,0.41481137170019866,3.1179116399818576,1.3935003379809965,2.914594826697073,2.7405570771505703,3.0430883518354617,2.3908848803331386,1.5704484258486966,2.8441992851148568,2.311076792881486,1.7360624279375023,1.8635394063116415,2.670152019240649,1.332530872364114,1.3333411381699123,1.5251285701646615,2.7635412808853745,2.5447632506333413,1.4199614391442088,2.541617450015499,2.540142709554705,2.205180356891849,2.9480623941569903,2.983509920848923,0.23666530943213482,3.1320738159343673,1.9836257770287422,2.9113817043246164,0.46126908252972004,3.0311206360746903,1.32782611801166,2.845569706305536,2.813809810766724,0
2.541617450015499,2.540142709554705,2.205180356891849,2.9480623941569903,2.983509920848923,0.23666530943213482,3.1320738159343673,1.9836257770287422,2.9113817043246164,0.46126908252972004,3.0311206360746903,1.32782611801166,2.845569706305536,2.813809810766724,3.0631406340403977,2.397173190652466,1.64485619308431,2.8830255876512463,2.178275152822282,1.7092951108288403,1.887124277883941,2.5990490043535344,1.5642641429943611,2.8774758766788437,1.5215076922949773,2.5174457804441026,2.530523764691043,1.490897346772565,2.5429247548143756,2.6152455726812294,2.2844714282267655,2.9792755649430167,3.04508557051699,0.25866376146327263,3.1144583796180805,1.9606207201422374,2.3160991061878065,0.42647193249625037,3.0879800564213027,1.3865918801844275,2.9571253985934547,2.787247633988114,0
2.265353876020722,2.7689161197985297,2.0957766623452603,3.015298964167478,2.988809093308037,0.35206431015611617,3.117170204980383,1.9038054848325152,1.559317441571423,0.29896365867502817,3.083652725875105,1.4829476810251236,2.8757667289205506,2.7144220827599517,2.71343645516444,2.358809539888059,1.589535016996351,3.0767993765275343,2.3266710004564115,1.9926431485518437,0.8623316401462968,1.6577144902428396,1.232931916373658,2.00473365357426,1.063102897867696,2.4614007791508548,2.3288674777117477,0.9207391493275627,2.302415811294563,2.7225640143027037,2.0892623174745046,2.966100651821135,3.0729215629772373,0.25749323147630726,3.098291651111733,1.9506542283647539,1.7326909243990398,0.3285980892507908,3.010462675737216,1.375417106175048,2.938524650889306,2.825268493567168,0
2.302415811294563,2.7225640143027037,2.0892623174745046,2.966100651821135,3.0729215629772373,0.25749323147630726,3.098291651111733,1.9506542283647539,1.7326909243990398,0.3285980892507908,3.010462675737216,1.375417106175048,2.938524650889306,2.825268493567168,2.8578179755294144,2.3645965084420966,1.6063317314866636,3.1196675301386136,2.271533105386075,1.9926388459442688,0.9898350376624123,1.7300572320685998,1.347155137073485,2.222729140459423,1.0205426250330676,2.4084747399703312,2.29575210792387,0.8904397597373549,2.2990143675135974,2.7249679535159976,2.3499118616013237,3.0052740849743804,3.0614780811802773,0.3070257477135875,3.1255739027389398,1.9379063491358062,1.5961058027255828,0.30016043612326426,3.113310768577282,1.480121737009797,2.8107322490688595,2.7610398473328286,0
2.2990143675135974,2.7249679535159976,2.3499118616013237,3.0052740849743804,3.0614780811802773,0.3070257477135875,3.1255739027389398,1.9379063491358062,1.5961058027255828,0.30016043612326426,3.113310768577282,1.480121737009797,2.8107322490688595,2.7610398473328286,2.852332223752083,2.387623442454669,1.6362707290815577,3.0867288365991326,2.269393098872945,1.9306672916796246,1.1877262075671933,1.753978355150123,1.4615346316314297,2.27471984873499,1.153959849873866,2.556656237768021,2.255895487077978,1.027914236933663,2.2457422525890243,2.752643640171777,2.2382149086749483,3.036518835572849,3.039107650947511,0.3204502746466341,3.125450658730466,1.9155027630018528,1.4369076234792506,0.25708495400736087,3.122074342870149,1.5540160332264543,2.8467533515135686,2.729613758367481,0
2.2457422525890243,2.752643640171777,2.2382149086749483,3.036518835572849,3.039107650947511,0.3204502746466341,3.125450658730466,1.9155027630018528,1.4369076234792506,0.25708495400736087,3.122074342870149,1.5540160332264543,2.8467533515135686,2.729613758367481,2.7167357993465866,2.346319565086752,1.559775285823552,3.107974911030061,2.3833132013605707,2.013845519025526,0.944108668473949,1.6421045540999661,1.270023289377113,2.015637007824033,1.1508793966250215,2.5077123104734413,2.30383880709022,0.9799920099426924,2.2416413104318087,2.7546474654768414,2.177245683123631,3.0142374149792595,3.1194731210231197,0.30217409614401725,3.140384541004929,1.930022466952194,1.4957564196923228,0.3133233541264966,3.087630261703089,1.4951396881793186,2.8452581898709095,2.7560924602358297,0
2.2416413104318087,2.7546474654768414,2.177245683123631,3.0142374149792595,3.1194731210231197,0.30217409614401725,3.140384541004929,1.930022466952194,1.4957564196923228,0.3133233541264966,3.087630261703089,1.4951396881793186,2.8452581898709095,2.7560924602358297,2.860636029124908,2.3685256828141137,1.5865934272799818,3.122864946966369,2.2810494780928607,2.057579832482946,0.876825005381731,1.8731872776487608,1.3682670134147714,2.301723695965978,0.9731440687290531,2.3150008916291083,2.272586424895807,0.8489768360152922,2.368856716468245,2.632323270073701,2.290737689634587,3.0041187366351427,3.085403912186656,0.3231917276469348,3.1102182479547107,1.9330007474151798,1.7678097726761093,0.3080022526342838,3.1253174258569922,1.4947124754267065,2.733694782721162,2.770996833069845,0
2.6396794762159153,2.298943223798389,2.6126713331974702,2.9303990526966834,2.468417008099371,1.7554739124094567,2.9557725872876914,1.8213135813880537,1.4885468852449724,0.2638386421299402,3.0135265134657883,1.540838628806912,2.3610512444609473,2.7512164163194472,3.079818108049508,2.4477757789016836,1.6336982535510614,3.03094088211753,2.3452165630796693,2.225670687277991,0.68054046262257,1.8787963643091028,1.2079753238458455,2.4015308106566273,0.7236808148624866,1.9776658968234315,2.310690476114768,0.9075975900110784,2.7167879736485556,2.2487922705924683,1.3664219782488838,2.9098933407640377,2.4627175862736452,1.8521407243443488,3.0067480793806256,1.8176232372894008,1.5404171382335081,1.1436981026844406,3.0230991384682344,1.542549912609521,2.382029371857658,2.7455726695177605,0
2.7167879736485556,2.2487922705924683,1.3664219782488838,2.9098933407640377,2.4627175862736452,1.8521407243443488,3.0067480793806256,1.8176232372894008,1.5404171382335081,1.1436981026844406,3.0230991384682344,1.542549912609521,2.382029371857658,2.7455726695177605,3.051544175972396,2.5070002392661186,1.620818264289599,3.1392762552098197,2.2644692110221905,2.2489531474078666,0.5940471035168101,1.8230388422768933,1.1947958337383597,2.330782588794498,0.6839542542382119,1.935785048996168,2.335264578710251,0.7977871551369431,2.6666297718649523,2.2788283947619434,1.0603254134567972,2.9082884090341508,2.4619078663183314,1.77994463214039,2.969172711940447,1.8207360089181508,1.5181065671928997,0.27656566789622,3.0012166599799834,1.5476274287130984,2.3512953332878355,2.7278613704955434,0
2.6666297718649523,2.2788283947619434,1.0603254134567972,2.9082884090341508,2.4619078663183314,1.77994463214039,2.969172711940447,1.8207360089181508,1.5181065671928997,0.27656566789622,3.0012166599799834,1.5476274287130984,2.3512953332878355,2.7278613704955434,3.125627610978786,2.4633882329867474,1.6336042700085873,3.0942112426681803,2.2109988279314066,2.295907677589277,0.6641072933440485,1.8018731378636426,1.3937965727961115,2.707357494990781,0.6936816103223853,1.9870684677130737,2.2467830267816287,0.7921327522160191,2.668223074212854,2.286368806721122,1.8033569833357719,2.92690196951638,2.439932436279251,1.771577995423536,2.9459806770938752,1.8336437780213668,1.5110201776914978,0.4914640285157645,2.9793763219276106,1.5698096815350202,2.3499907251763723,2.7414757974081714,0
2.668223074212854,2.286368806721122,1.8033569833357719,2.92690196951638,2.439932436279251,1.771577995423536,2.9459806770938752,1.8336437780213668,1.5110201776914978,0.4914640285157645,2.9793763219276106,1.5698096815350202,2.3499907251763723,2.7414757974081714,3.1172108096525792,2.4272829389584425,1.6397976988508747,3.086414401764864,2.25433702189681,2.1681900002279217,0.6754579561270251,1.8811493783934643,1.4369727507076757,2.7865270009190284,0.5662384780818063,1.888441991957997,2.273865419197021,0.7537549148228274,2.689089357186949,2.279911645656254,1.352557453148115,2.9104848578017326,2.492229304638224,1.6156835862124614,2.9657657505301307,1.8301296547298889,1.5383432629409122,0.15023227063284864,2.985922893877214,1.537627250692124,2.3562185597288665,2.744620105859046,0
2.689089357186949,2.279911645656254,1.352557453148115,2.9104848578017326,2.492229304638224,1.6156835862124614,2.9657657505301307,1.8301296547298889,1.5383432629409122,0.15023227063284864,2.985922893877214,1.537627250692124,2.3562185597288665,2.744620105859046,3.109570742987825,2.3541104173852263,1.6006958665579063,3.080499971253552,2.099333899341313,2.264551488069191,0.7119220803787605,2.014814998279,1.4826793259798663,2.8313482987242535,0.5883861026110928,1.9710842363409435,2.3451983326995185,0.7969230306523586,2.1935490640922204,2.484385908389033,1.7743855169039957,3.0731580374710883,2.8637738164478406,0.2781259714404885,2.573498153819463,1.8245932946686763,2.890328822318447,0.4288489206232288,2.1287666982947124,1.4087662502759901,2.3947728452660297,2.658499522817593,0
2.6052651204530966,2.713108320537436,2.39985357533023,3.038102982077227,2.6902214033508276,0.4348612770069298,2.796732143034916,1.9087780663757692,1.5048778698814202,0.25057802590841227,2.707254187877997,1.5375413645053762,2.713118832892799,2.4867313632569954,3.1022365686752624,2.402483800647779,1.583465027698572,2.896514959903336,2.2189523591207543,1.8364780976138906,1.5298036683349736,2.8822167053801917,1.5249060543494102,2.654817344250611,1.4868621442139884,2.6949348634780432,2.431716118732597,1.3448419521962633,2.455619918438151,2.6506859818839494,2.312415162443129,2.9363654514917217,3.1259562771250966,0.2191117313486012,3.1386884992809385,1.9699454018295657,2.6773417809540954,0.4326448255998283,3.110778276748043,1.2975764306532755,2.8620580876669868,2.747268057858155,0
2.455619918438151,2.6506859818839494,2.312415162443129,2.9363654514917217,3.1259562771250966,0.2191117313486012,3.1386884992809385,1.9699454018295657,2.6773417809540954,0.4326448255998283,3.110778276748043,1.2975764306532755,2.8620580876669868,2.747268057858155,2.9878564117771687,2.387128408464732,1.618312127382964,2.8488032818398463,2.0838176883316595,1.7840365298131176,1.758711031133122,2.8194963149627856,1.6150699831806008,2.219682030538344,1.4457954625444405,2.4285511225227756,2.6594858493366766,1.5031578743118825,2.4457194376606264,2.621145715885422,2.268655512312209,2.955733343362452,3.0311127648400693,0.31219555066890536,3.078301075069147,1.9311709058854336,2.519350211614724,0.3841086856565959,3.1208222126010656,1.3505414187199272,2.8247285153574753,2.7119151089064375,0
2.4457194376606264,2.621145715885422,2.268655512312209,2.955733343362452,3.0311127648400693,0.31219555066890536,3.078301075069147,1.9311709058854336,2.519350211614724,0.3841086856565959,3.1208222126010656,1.3505414187199272,2.8247285153574753,2.7119151089064375,2.8710653227982093,2.3064992548845518,1.5715164290028307,2.8092352953903217,2.1204916034095307,1.8916619850373055,1.727486632780922,2.8508084939084464,1.6464436620475924,2.6205129391958906,1.4735290795840033,2.5454022539837453,2.5080036336942215,1.6028746176443438,2.4180682630747388,2.6750887845285583,2.4016887652676484,2.980549844160693,2.9279812955703717,0.3036567406296529,3.062822810922968,1.9274117091782372,1.8595079300278385,0.3391790712651618,3.100206011730287,1.4078995915672003,2.918784770234028,2.759777095337732,0
2.4180682630747388,2.6750887845285583,2.4016887652676484,2.980549844160693,2.9279812955703717,0.3036567406296529,3.062822810922968,1.9274117091782372,1.8595079300278385,0.3391790712651618,3.100206011730287,1.4078995915672003,2.918784770234028,2.759777095337732,3.081723463052393,2.3595083105709556,1.5746367029418484,2.7969472691448174,2.136945436984068,1.8877468794437806,1.6829000264459246,2.95638029837733,1.6041508096681198,3.021897902522252,1.4600195847705155,2.426371979076892,2.530398276676191,1.5118772278875336,2.5830786997363804,2.59161492192693,2.459887597097576,2.964371756362669,3.002605183996914,0.2855792946280772,3.067476127847508,1.961800327327055,2.4300373319151967,0.403139428529613,3.1169726286569595,1.3520799472611802,2.8250947523690684,2.728496613192298,0
2.5830786997363804,2.59161492192693,2.459887597097576,2.964371756362669,3.002605183996914,0.2855792946280772,3.067476127847508,1.961800327327055,2.4300373319151967,0.403139428529613,3.1169726286569595,1.3520799472611802,2.8250947523690684,2.728496613192298,3.1228492992115813,2.338433664428488,1.5338475051241187,2.8071656815970747,2.1814745414649446,1.9823565678544426,1.621937026939462,3.0048456491997944,1.542113113257499,2.834508436755496,1.4688495200280343,2.58406249148445,2.4865490463970064,1.5835086979212702,2.545681247201694,2.5624770954359644,2.4064803375719204,2.9466794407711467,3.13614469022168,0.27664793156280126,3.0835691846481317,1.9916435530247671,2.715034360379717,0.4428296451541664,3.1415073440228793,1.3580211482579185,2.8261817369524853,2.7504455862623343,0
2.6262230322584608,2.3613679347246657,2.1050802418184245,2.961358494988344,2.5314032577869705,1.4079357608572987,3.0660907434511184,1.8563246439943197,1.6000606168086624,0.4167448722414154,3.0674421765199593,1.5676893690951148,2.1798584372292114,2.752618845141723,2.7693295428211653,2.526420288602941,1.6345846765242156,3.073294291492057,2.4624100032732112,1.851029424536943,1.5768116849155573,2.7646639985071717,1.2963683451965458,1.4819381814999568,1.8534008949909404,2.174829863504975,2.2737858379801756,1.7233897880917024,2.663015579192939,2.380439606490427,2.1854789108481287,2.9977261484469806,2.451279416787435,1.4020509767812186,3.104390179926234,1.8511059383152664,1.5236367038701608,0.18819557807047635,3.0666144922662593,1.5993261254886741,2.2484731635027324,2.764741347022732,0
2.663015579192939,2.380439606490427,2.1854789108481287,2.9977261484469806,2.451279416787435,1.4020509767812186,3.104390179926234,1.8511059383152664,1.5236367038701608,0.18819557807047635,3.0666144922662593,1.5993261254886741,2.2484731635027324,2.764741347022732,2.713184706924956,2.517995254400932,1.5773143194160903,3.0186383970618826,2.347104006291792,1.849095985538649,1.487301889296558,2.2473955369850804,1.2880649982031167,1.3861383930994033,1.636107778943977,2.8710445544226872,2.1998325827858882,1.5575220589783152,2.7780352495195006,2.3554068981184964,2.425591276523157,2.930662938500684,2.544968775270931,1.411485566590128,3.012670184354872,1.9067821361824244,1.6747545797908059,0.6097852825771398,2.974978243569555,1.5457226264395147,2.2044061128415526,2.668173024090156,0
2.7780352495195006,2.3554068981184964,2.425591276523157,2.930662938500684,2.544968775270931,1.411485566590128,3.012670184354872,1.9067821361824244,1.6747545797908059,0.6097852825771398,2.974978243569555,1.5457226264395147,2.2044061128415526,2.668173024090156,2.6916962525026693,2.531577992730803,1.638719739021645,3.0723603422700987,2.498996803052796,1.838305672528449,1.5653717376364769,2.957039509292152,1.3967650465731694,2.082670606005975,1.765010336896136,2.3918556444588113,2.4313796750248726,1.651082238535237,2.627372058268789,2.351954304962366,2.104827911465559,2.9943557420176936,2.5299569112402644,1.395833086995084,3.0808375416856784,1.849677007860948,1.5382605236674407,0.23252381717258605,3.0959072335589495,1.6140572334775456,2.278183960281405,2.7634383246704917,0
2.627372058268789,2.351954304962366,2.104827911465559,2.9943557420176936,2.5299569112402644,1.395833086995084,3.0808375416856784,1.849677007860948,1.5382605236674407,0.23252381717258605,3.0959072335589495,1.6140572334775456,2.278183960281405,2.7634383246704917,2.771016289810268,2.509542189617096,1.629737421828053,3.0841018202137365,2.41169159560098,1.839050827859898,1.5018436636408803,2.404428021765349,1.356061122198394,1.4906021959553868,1.6200650130518548,2.9468867933110756,2.2243261546009157,1.5812666839911287,2.6639908319027628,2.32771675372394,2.162481218263472,2.954171871273104,2.6229389516906236,1.448750642299489,3.0966810623440724,1.8787151967255002,1.6501447459587901,0.6626496606527865,3.0917442685966527,1.5845486899039916,2.2622096559823994,2.78209534082983,0
